;;;;;;;;;;;;x,,,,,,,,,,,,,
return_core_on_title;Enable 'Return Cores' decisions;;;;;;;;;;;;x,,
return_core_on_desc;The Return Cores decisions allow you to return cores of vassals and spherelings, as long as you don't have a core in the province, and are otherwise kept hidden from view to avoid having them clutter up your decision list.;;;;;;;;;;;;x
return_core_off_title;Disable 'Return Cores' decisions;;;;;;;;;;;;x,,
return_core_off_desc;Your decision list will now be uncluttered.;;;;;;;;;;;;x,,
return_core_disabled_title;Deactivate 'Return Cores' decisions;;;;;;;;;;;;x,,
return_core_disabled_desc;The 'Return Cores' decisions will disappear from this game session and won't reappear again. You won't be able to use these decisions again for this game.;;;;;;;;;;;;x,,
return_cores_ADA_title;Return cores to Adal;;;;;;;;;;;;;;;;;;;;x,,
return_cores_ADA_desc;We hold provinces that Adal has claims on. Returning these provinces, as an act of good faith, would surely bolster our relations.;;;;;;;;;;;;x
return_cores_AFG_title;Return cores to Afghanistan;;;;;;;;;;;;;;;;;;;;x,,
return_cores_AFG_desc;We hold provinces that Afghanistan has claims on. Returning these provinces, as an act of good faith, would surely bolster our relations.;;;;;;;;;;;;x
return_cores_AIN_title;Return cores to Ainu;;;;;;;;;;;;;;;;;;;;x,,
return_cores_AIN_desc;We hold provinces that Ainu has claims on. Returning these provinces, as an act of good faith, would surely bolster our relations.;;;;;;;;;;;;x
return_cores_AKH_title;Return cores to Astrakhan;;;;;;;;;;;;;;;;;;;;x,,
return_cores_AKH_desc;We hold provinces that Astrakhan has claims on. Returning these provinces, as an act of good faith, would surely bolster our relations.;;;;;;;;;;;;x
return_cores_ALB_title;Return cores to Albania;;;;;;;;;;;;;;;;;;;;x,,
return_cores_ALB_desc;We hold provinces that Albania has claims on. Returning these provinces, as an act of good faith, would surely bolster our relations.;;;;;;;;;;;;x
return_cores_ALD_title;Return cores to Algiers;;;;;;;;;;;;;;;;;;;;x,,
return_cores_ALD_desc;We hold provinces that Algiers has claims on. Returning these provinces, as an act of good faith, would surely bolster our relations.;;;;;;;;;;;;x
return_cores_ARK_title;Return cores to Arakan;;;;;;;;;;;;;;;;;;;;x,,
return_cores_ARK_desc;We hold provinces that Arakan has claims on. Returning these provinces, as an act of good faith, would surely bolster our relations.;;;;;;;;;;;;x
return_cores_ARL_title;Return cores to Ardabil;;;;;;;;;;;;;;;;;;;;x,,
return_cores_ARL_desc;We hold provinces that Ardabil has claims on. Returning these provinces, as an act of good faith, would surely bolster our relations.;;;;;;;;;;;;x
return_cores_ARM_title;Return cores to Armenia;;;;;;;;;;;;;;;;;;;;x,,
return_cores_ARM_desc;We hold provinces that Armenia has claims on. Returning these provinces, as an act of good faith, would surely bolster our relations.;;;;;;;;;;;;x
return_cores_ARN_title;Return cores to Aragon;;;;;;;;;;;;;;;;;;;;x,,
return_cores_ARN_desc;We hold provinces that Aragon has claims on. Returning these provinces, as an act of good faith, would surely bolster our relations.;;;;;;;;;;;;x
return_cores_ARW_title;Return cores to Arawak;;;;;;;;;;;;;;;;;;;;x,,
return_cores_ARW_desc;We hold provinces that Arawak has claims on. Returning these provinces, as an act of good faith, would surely bolster our relations.;;;;;;;;;;;;x
return_cores_ASH_title;Return cores to Ashanti;;;;;;;;;;;;;;;;;;;;x,,
return_cores_ASH_desc;We hold provinces that Ashanti has claims on. Returning these provinces, as an act of good faith, would surely bolster our relations.;;;;;;;;;;;;x
return_cores_ASM_title;Return cores to Assam;;;;;;;;;;;;;;;;;;;;x,,
return_cores_ASM_desc;We hold provinces that Assam has claims on. Returning these provinces, as an act of good faith, would surely bolster our relations.;;;;;;;;;;;;x
return_cores_AST_title;Return cores to Australia;;;;;;;;;;;;;;;;;;;;x,,
return_cores_AST_desc;We hold provinces that Australia has claims on. Returning these provinces, as an act of good faith, would surely bolster our relations.;;;;;;;;;;;;x
return_cores_ATM_title;Return cores to Antemoro;;;;;;;;;;;;;;;;;;;;x,,
return_cores_ATM_desc;We hold provinces that Antemoro has claims on. Returning these provinces, as an act of good faith, would surely bolster our relations.;;;;;;;;;;;;x
return_cores_AUA_title;Return cores to Awngthim;;;;;;;;;;;;;;;;;;;;x,,
return_cores_AUA_desc;We hold provinces that Awngthim has claims on. Returning these provinces, as an act of good faith, would surely bolster our relations.;;;;;;;;;;;;x
return_cores_AUE_title;Return cores to Eora;;;;;;;;;;;;;;;;;;;;x,,
return_cores_AUE_desc;We hold provinces that Eora has claims on. Returning these provinces, as an act of good faith, would surely bolster our relations.;;;;;;;;;;;;x
return_cores_AUI_title;Return cores to Kamilaroi;;;;;;;;;;;;;;;;;;;;x,,
return_cores_AUI_desc;We hold provinces that Kamilaroi has claims on. Returning these provinces, as an act of good faith, would surely bolster our relations.;;;;;;;;;;;;x
return_cores_AUK_title;Return cores to Kaurna;;;;;;;;;;;;;;;;;;;;x,,
return_cores_AUK_desc;We hold provinces that Kaurna has claims on. Returning these provinces, as an act of good faith, would surely bolster our relations.;;;;;;;;;;;;x
return_cores_AUL_title;Return cores to Larrakia;;;;;;;;;;;;;;;;;;;;x,,
return_cores_AUL_desc;We hold provinces that Larrakia has claims on. Returning these provinces, as an act of good faith, would surely bolster our relations.;;;;;;;;;;;;x
return_cores_AUP_title;Return cores to Palawa;;;;;;;;;;;;;;;;;;;;x,,
return_cores_AUP_desc;We hold provinces that Palawa has claims on. Returning these provinces, as an act of good faith, would surely bolster our relations.;;;;;;;;;;;;x
return_cores_AUS_title;Return cores to Austria;;;;;;;;;;;;;;;;;;;;x,,
return_cores_AUS_desc;We hold provinces that Austria has claims on. Returning these provinces, as an act of good faith, would surely bolster our relations.;;;;;;;;;;;;x
return_cores_AWA_title;Return cores to Oudh;;;;;;;;;;;;;;;;;;;;x,,
return_cores_AWA_desc;We hold provinces that Oudh has claims on. Returning these provinces, as an act of good faith, would surely bolster our relations.;;;;;;;;;;;;x
return_cores_AWS_title;Return cores to Aussa;;;;;;;;;;;;;;;;;;;;x,,
return_cores_AWS_desc;We hold provinces that Aussa has claims on. Returning these provinces, as an act of good faith, would surely bolster our relations.;;;;;;;;;;;;x
return_cores_AYR_title;Return cores to Air;;;;;;;;;;;;;;;;;;;;x,,
return_cores_AYR_desc;We hold provinces that Air has claims on. Returning these provinces, as an act of good faith, would surely bolster our relations.;;;;;;;;;;;;x
return_cores_BAL_title;Return cores to Bali;;;;;;;;;;;;;;;;;;;;x,,
return_cores_BAL_desc;We hold provinces that Bali has claims on. Returning these provinces, as an act of good faith, would surely bolster our relations.;;;;;;;;;;;;x
return_cores_BEN_title;Return cores to Benin;;;;;;;;;;;;;;;;;;;;x,,
return_cores_BEN_desc;We hold provinces that Benin has claims on. Returning these provinces, as an act of good faith, would surely bolster our relations.;;;;;;;;;;;;x
return_cores_BKF_title;Return cores to Wagadugu;;;;;;;;;;;;;;;;;;;;x,,
return_cores_BKF_desc;We hold provinces that Wagadugu has claims on. Returning these provinces, as an act of good faith, would surely bolster our relations.;;;;;;;;;;;;x
return_cores_BLC_title;Return cores to Baluchistan;;;;;;;;;;;;;;;;;;;;x,,
return_cores_BLC_desc;We hold provinces that Baluchistan has claims on. Returning these provinces, as an act of good faith, would surely bolster our relations.;;;;;;;;;;;;x
return_cores_BNJ_title;Return cores to Banjar;;;;;;;;;;;;;;;;;;;;x,,
return_cores_BNJ_desc;We hold provinces that Banjar has claims on. Returning these provinces, as an act of good faith, would surely bolster our relations.;;;;;;;;;;;;x
return_cores_BOL_title;Return cores to Portuguese Peru;;;;;;;;;;;;;;;;;;;;x,,
return_cores_BOL_desc;We hold provinces that Portuguese Peru has claims on. Returning these provinces, as an act of good faith, would surely bolster our relations.;;;;;;;;;;;;x
return_cores_BOS_title;Return cores to Bosnia;;;;;;;;;;;;;;;;;;;;x,,
return_cores_BOS_desc;We hold provinces that Bosnia has claims on. Returning these provinces, as an act of good faith, would surely bolster our relations.;;;;;;;;;;;;x
return_cores_BRD_title;Return cores to Burundi;;;;;;;;;;;;;;;;;;;;x,,
return_cores_BRD_desc;We hold provinces that Burundi has claims on. Returning these provinces, as an act of good faith, would surely bolster our relations.;;;;;;;;;;;;x
return_cores_BRT_title;Return cores to Brittany;;;;;;;;;;;;;;;;;;;;x,,
return_cores_BRT_desc;We hold provinces that Brittany has claims on. Returning these provinces, as an act of good faith, would surely bolster our relations.;;;;;;;;;;;;x
return_cores_BRU_title;Return cores to Brunei;;;;;;;;;;;;;;;;;;;;x,,
return_cores_BRU_desc;We hold provinces that Brunei has claims on. Returning these provinces, as an act of good faith, would surely bolster our relations.;;;;;;;;;;;;x
return_cores_BRZ_title;Return cores to Spanish Brazil;;;;;;;;;;;;;;;;;;;;x,,
return_cores_BRZ_desc;We hold provinces that Spanish Brazil has claims on. Returning these provinces, as an act of good faith, would surely bolster our relations.;;;;;;;;;;;;x
return_cores_BUG_title;Return cores to Buganda;;;;;;;;;;;;;;;;;;;;x,,
return_cores_BUG_desc;We hold provinces that Buganda has claims on. Returning these provinces, as an act of good faith, would surely bolster our relations.;;;;;;;;;;;;x
return_cores_BUL_title;Return cores to Bulgaria;;;;;;;;;;;;;;;;;;;;x,,
return_cores_BUL_desc;We hold provinces that Bulgaria has claims on. Returning these provinces, as an act of good faith, would surely bolster our relations.;;;;;;;;;;;;x
return_cores_BUR_title;Return cores to Taungu;;;;;;;;;;;;;;;;;;;;x,,
return_cores_BUR_desc;We hold provinces that Taungu has claims on. Returning these provinces, as an act of good faith, would surely bolster our relations.;;;;;;;;;;;;x
return_cores_CAB_title;Return cores to Carib;;;;;;;;;;;;;;;;;;;;x,,
return_cores_CAB_desc;We hold provinces that Carib has claims on. Returning these provinces, as an act of good faith, would surely bolster our relations.;;;;;;;;;;;;x
return_cores_CAM_title;Return cores to Khmer;;;;;;;;;;;;;;;;;;;;x,,
return_cores_CAM_desc;We hold provinces that Khmer has claims on. Returning these provinces, as an act of good faith, would surely bolster our relations.;;;;;;;;;;;;x
return_cores_CCQ_title;Return cores to Calchaqui;;;;;;;;;;;;;;;;;;;;x,,
return_cores_CCQ_desc;We hold provinces that Calchaqui has claims on. Returning these provinces, as an act of good faith, would surely bolster our relations.;;;;;;;;;;;;x
return_cores_CDL_title;Return cores to Dali;;;;;;;;;;;;;;;;;;;;x,,
return_cores_CDL_desc;We hold provinces that Dali has claims on. Returning these provinces, as an act of good faith, would surely bolster our relations.;;;;;;;;;;;;x
return_cores_CGS_title;Return cores to Changsheng;;;;;;;;;;;;;;;;;;;;x,,
return_cores_CGS_desc;We hold provinces that Changsheng has claims on. Returning these provinces, as an act of good faith, would surely bolster our relations.;;;;;;;;;;;;x
return_cores_CHA_title;Return cores to Champa;;;;;;;;;;;;;;;;;;;;x,,
return_cores_CHA_desc;We hold provinces that Champa has claims on. Returning these provinces, as an act of good faith, would surely bolster our relations.;;;;;;;;;;;;x
return_cores_CHC_title;Return cores to Chu;;;;;;;;;;;;;;;;;;;;x,,
return_cores_CHC_desc;We hold provinces that Chu has claims on. Returning these provinces, as an act of good faith, would surely bolster our relations.;;;;;;;;;;;;x
return_cores_CHG_title;Return cores to Chagatai;;;;;;;;;;;;;;;;;;;;x,,
return_cores_CHG_desc;We hold provinces that Chagatai has claims on. Returning these provinces, as an act of good faith, would surely bolster our relations.;;;;;;;;;;;;x
return_cores_CHM_title;Return cores to Chimu;;;;;;;;;;;;;;;;;;;;x,,
return_cores_CHM_desc;We hold provinces that Chimu has claims on. Returning these provinces, as an act of good faith, would surely bolster our relations.;;;;;;;;;;;;x
return_cores_CHU_title;Return cores to Chukchi;;;;;;;;;;;;;;;;;;;;x,,
return_cores_CHU_desc;We hold provinces that Chukchi has claims on. Returning these provinces, as an act of good faith, would surely bolster our relations.;;;;;;;;;;;;x
return_cores_CIR_title;Return cores to Circassia;;;;;;;;;;;;;;;;;;;;x,,
return_cores_CIR_desc;We hold provinces that Circassia has claims on. Returning these provinces, as an act of good faith, would surely bolster our relations.;;;;;;;;;;;;x
return_cores_CKW_title;Return cores to Chokwe;;;;;;;;;;;;;;;;;;;;x,,
return_cores_CKW_desc;We hold provinces that Chokwe has claims on. Returning these provinces, as an act of good faith, would surely bolster our relations.;;;;;;;;;;;;x
return_cores_CRA_title;Return cores to Charca;;;;;;;;;;;;;;;;;;;;x,,
return_cores_CRA_desc;We hold provinces that Charca has claims on. Returning these provinces, as an act of good faith, would surely bolster our relations.;;;;;;;;;;;;x
return_cores_CRI_title;Return cores to Crimea;;;;;;;;;;;;;;;;;;;;x,,
return_cores_CRI_desc;We hold provinces that Crimea has claims on. Returning these provinces, as an act of good faith, would surely bolster our relations.;;;;;;;;;;;;x
return_cores_CRO_title;Return cores to Croatia;;;;;;;;;;;;;;;;;;;;x,,
return_cores_CRO_desc;We hold provinces that Croatia has claims on. Returning these provinces, as an act of good faith, would surely bolster our relations.;;;;;;;;;;;;x
return_cores_CSH_title;Return cores to Shun;;;;;;;;;;;;;;;;;;;;x,,
return_cores_CSH_desc;We hold provinces that Shun has claims on. Returning these provinces, as an act of good faith, would surely bolster our relations.;;;;;;;;;;;;x
return_cores_CSU_title;Return cores to Cusco;;;;;;;;;;;;;;;;;;;;x,,
return_cores_CSU_desc;We hold provinces that Cusco has claims on. Returning these provinces, as an act of good faith, would surely bolster our relations.;;;;;;;;;;;;x
return_cores_CWU_title;Return cores to Wu;;;;;;;;;;;;;;;;;;;;x,,
return_cores_CWU_desc;We hold provinces that Wu has claims on. Returning these provinces, as an act of good faith, would surely bolster our relations.;;;;;;;;;;;;x
return_cores_CXI_title;Return cores to Xi;;;;;;;;;;;;;;;;;;;;x,,
return_cores_CXI_desc;We hold provinces that Xi has claims on. Returning these provinces, as an act of good faith, would surely bolster our relations.;;;;;;;;;;;;x
return_cores_CYA_title;Return cores to Chachapoya;;;;;;;;;;;;;;;;;;;;x,,
return_cores_CYA_desc;We hold provinces that Chachapoya has claims on. Returning these provinces, as an act of good faith, would surely bolster our relations.;;;;;;;;;;;;x
return_cores_CYI_title;Return cores to Yi;;;;;;;;;;;;;;;;;;;;x,,
return_cores_CYI_desc;We hold provinces that Yi has claims on. Returning these provinces, as an act of good faith, would surely bolster our relations.;;;;;;;;;;;;x
return_cores_DAI_title;Return cores to Dai Viet;;;;;;;;;;;;;;;;;;;;x,,
return_cores_DAI_desc;We hold provinces that Dai Viet has claims on. Returning these provinces, as an act of good faith, would surely bolster our relations.;;;;;;;;;;;;x
return_cores_DAW_title;Return cores to Dawasir;;;;;;;;;;;;;;;;;;;;x,,
return_cores_DAW_desc;We hold provinces that Dawasir has claims on. Returning these provinces, as an act of good faith, would surely bolster our relations.;;;;;;;;;;;;x
return_cores_DEC_title;Return cores to Deccan;;;;;;;;;;;;;;;;;;;;x,,
return_cores_DEC_desc;We hold provinces that Deccan has claims on. Returning these provinces, as an act of good faith, would surely bolster our relations.;;;;;;;;;;;;x
return_cores_DEN_title;Return cores to Denmark;;;;;;;;;;;;;;;;;;;;x,,
return_cores_DEN_desc;We hold provinces that Denmark has claims on. Returning these provinces, as an act of good faith, would surely bolster our relations.;;;;;;;;;;;;x
return_cores_DGB_title;Return cores to Dagbon;;;;;;;;;;;;;;;;;;;;x,,
return_cores_DGB_desc;We hold provinces that Dagbon has claims on. Returning these provinces, as an act of good faith, would surely bolster our relations.;;;;;;;;;;;;x
return_cores_DLH_title;Return cores to Delhi;;;;;;;;;;;;;;;;;;;;x,,
return_cores_DLH_desc;We hold provinces that Delhi has claims on. Returning these provinces, as an act of good faith, would surely bolster our relations.;;;;;;;;;;;;x
return_cores_DLM_title;Return cores to Dalmatia;;;;;;;;;;;;;;;;;;;;x,,
return_cores_DLM_desc;We hold provinces that Dalmatia has claims on. Returning these provinces, as an act of good faith, would surely bolster our relations.;;;;;;;;;;;;x
return_cores_DOM_title;Return cores to Caraibas;;;;;;;;;;;;;;;;;;;;x,,
return_cores_DOM_desc;We hold provinces that Caraibas has claims on. Returning these provinces, as an act of good faith, would surely bolster our relations.;;;;;;;;;;;;x
return_cores_EGY_title;Return cores to Egypt;;;;;;;;;;;;;;;;;;;;x,,
return_cores_EGY_desc;We hold provinces that Egypt has claims on. Returning these provinces, as an act of good faith, would surely bolster our relations.;;;;;;;;;;;;x
return_cores_ENG_title;Return cores to Great Britain;;;;;;;;;;;;;;;;;;;;x,,
return_cores_ENG_desc;We hold provinces that Great Britain has claims on. Returning these provinces, as an act of good faith, would surely bolster our relations.;;;;;;;;;;;;x
return_cores_EST_title;Return cores to Estonia;;;;;;;;;;;;;;;;;;;;x,,
return_cores_EST_desc;We hold provinces that Estonia has claims on. Returning these provinces, as an act of good faith, would surely bolster our relations.;;;;;;;;;;;;x
return_cores_ETH_title;Return cores to Ethiopia;;;;;;;;;;;;;;;;;;;;x,,
return_cores_ETH_desc;We hold provinces that Ethiopia has claims on. Returning these provinces, as an act of good faith, would surely bolster our relations.;;;;;;;;;;;;x
return_cores_FER_title;Return cores to Ferrara;;;;;;;;;;;;;;;;;;;;x,,
return_cores_FER_desc;We hold provinces that Ferrara has claims on. Returning these provinces, as an act of good faith, would surely bolster our relations.;;;;;;;;;;;;x
return_cores_FIN_title;Return cores to Finland;;;;;;;;;;;;;;;;;;;;x,,
return_cores_FIN_desc;We hold provinces that Finland has claims on. Returning these provinces, as an act of good faith, would surely bolster our relations.;;;;;;;;;;;;x
return_cores_FJL_title;Return cores to Lau;;;;;;;;;;;;;;;;;;;;x,,
return_cores_FJL_desc;We hold provinces that Lau has claims on. Returning these provinces, as an act of good faith, would surely bolster our relations.;;;;;;;;;;;;x
return_cores_FLA_title;Return cores to Flanders;;;;;;;;;;;;;;;;;;;;x,,
return_cores_FLA_desc;We hold provinces that Flanders has claims on. Returning these provinces, as an act of good faith, would surely bolster our relations.;;;;;;;;;;;;x
return_cores_FRA_title;Return cores to France;;;;;;;;;;;;;;;;;;;;x,,
return_cores_FRA_desc;We hold provinces that France has claims on. Returning these provinces, as an act of good faith, would surely bolster our relations.;;;;;;;;;;;;x
return_cores_FUL_title;Return cores to Fulo;;;;;;;;;;;;;;;;;;;;x,,
return_cores_FUL_desc;We hold provinces that Fulo has claims on. Returning these provinces, as an act of good faith, would surely bolster our relations.;;;;;;;;;;;;x
return_cores_GDW_title;Return cores to Garha;;;;;;;;;;;;;;;;;;;;x,,
return_cores_GDW_desc;We hold provinces that Garha has claims on. Returning these provinces, as an act of good faith, would surely bolster our relations.;;;;;;;;;;;;x
return_cores_GEN_title;Return cores to Genoa;;;;;;;;;;;;;;;;;;;;x,,
return_cores_GEN_desc;We hold provinces that Genoa has claims on. Returning these provinces, as an act of good faith, would surely bolster our relations.;;;;;;;;;;;;x
return_cores_GEO_title;Return cores to Georgia;;;;;;;;;;;;;;;;;;;;x,,
return_cores_GEO_desc;We hold provinces that Georgia has claims on. Returning these provinces, as an act of good faith, would surely bolster our relations.;;;;;;;;;;;;x
return_cores_GER_title;Return cores to Germany;;;;;;;;;;;;;;;;;;;;x,,
return_cores_GER_desc;We hold provinces that Germany has claims on. Returning these provinces, as an act of good faith, would surely bolster our relations.;;;;;;;;;;;;x
return_cores_GHR_title;Return cores to Garhwal;;;;;;;;;;;;;;;;;;;;x,,
return_cores_GHR_desc;We hold provinces that Garhwal has claims on. Returning these provinces, as an act of good faith, would surely bolster our relations.;;;;;;;;;;;;x
return_cores_GLC_title;Return cores to Galicia;;;;;;;;;;;;;;;;;;;;x,,
return_cores_GLC_desc;We hold provinces that Galicia has claims on. Returning these provinces, as an act of good faith, would surely bolster our relations.;;;;;;;;;;;;x
return_cores_GOC_title;Return cores to Golkonda;;;;;;;;;;;;;;;;;;;;x,,
return_cores_GOC_desc;We hold provinces that Golkonda has claims on. Returning these provinces, as an act of good faith, would surely bolster our relations.;;;;;;;;;;;;x
return_cores_GRE_title;Return cores to Greece;;;;;;;;;;;;;;;;;;;;x,,
return_cores_GRE_desc;We hold provinces that Greece has claims on. Returning these provinces, as an act of good faith, would surely bolster our relations.;;;;;;;;;;;;x
return_cores_GRH_title;Return cores to Great Horde;;;;;;;;;;;;;;;;;;;;x,,
return_cores_GRH_desc;We hold provinces that Great Horde has claims on. Returning these provinces, as an act of good faith, would surely bolster our relations.;;;;;;;;;;;;x
return_cores_GRI_title;Return cores to Guarani;;;;;;;;;;;;;;;;;;;;x,,
return_cores_GRI_desc;We hold provinces that Guarani has claims on. Returning these provinces, as an act of good faith, would surely bolster our relations.;;;;;;;;;;;;x
return_cores_GRJ_title;Return cores to Garjat;;;;;;;;;;;;;;;;;;;;x,,
return_cores_GRJ_desc;We hold provinces that Garjat has claims on. Returning these provinces, as an act of good faith, would surely bolster our relations.;;;;;;;;;;;;x
return_cores_GUJ_title;Return cores to Gujarat;;;;;;;;;;;;;;;;;;;;x,,
return_cores_GUJ_desc;We hold provinces that Gujarat has claims on. Returning these provinces, as an act of good faith, would surely bolster our relations.;;;;;;;;;;;;x
return_cores_GYN_title;Return cores to Gascony;;;;;;;;;;;;;;;;;;;;x,,
return_cores_GYN_desc;We hold provinces that Gascony has claims on. Returning these provinces, as an act of good faith, would surely bolster our relations.;;;;;;;;;;;;x
return_cores_GZK_title;Return cores to Gazikumukh;;;;;;;;;;;;;;;;;;;;x,,
return_cores_GZK_desc;We hold provinces that Gazikumukh has claims on. Returning these provinces, as an act of good faith, would surely bolster our relations.;;;;;;;;;;;;x
return_cores_HAR_title;Return cores to Harar;;;;;;;;;;;;;;;;;;;;x,,
return_cores_HAR_desc;We hold provinces that Harar has claims on. Returning these provinces, as an act of good faith, would surely bolster our relations.;;;;;;;;;;;;x
return_cores_HAT_title;Return cores to Hainaut;;;;;;;;;;;;;;;;;;;;x,,
return_cores_HAT_desc;We hold provinces that Hainaut has claims on. Returning these provinces, as an act of good faith, would surely bolster our relations.;;;;;;;;;;;;x
return_cores_HAU_title;Return cores to Hausa;;;;;;;;;;;;;;;;;;;;x,,
return_cores_HAU_desc;We hold provinces that Hausa has claims on. Returning these provinces, as an act of good faith, would surely bolster our relations.;;;;;;;;;;;;x
return_cores_HDJ_title;Return cores to Hejaz;;;;;;;;;;;;;;;;;;;;x,,
return_cores_HDJ_desc;We hold provinces that Hejaz has claims on. Returning these provinces, as an act of good faith, would surely bolster our relations.;;;;;;;;;;;;x
return_cores_HES_title;Return cores to Hesse;;;;;;;;;;;;;;;;;;;;x,,
return_cores_HES_desc;We hold provinces that Hesse has claims on. Returning these provinces, as an act of good faith, would surely bolster our relations.;;;;;;;;;;;;x
return_cores_HSC_title;Return cores to Gaeldom;;;;;;;;;;;;;;;;;;;;x,,
return_cores_HSC_desc;We hold provinces that Gaeldom has claims on. Returning these provinces, as an act of good faith, would surely bolster our relations.;;;;;;;;;;;;x
return_cores_HSK_title;Return cores to Hosokawa;;;;;;;;;;;;;;;;;;;;x,,
return_cores_HSK_desc;We hold provinces that Hosokawa has claims on. Returning these provinces, as an act of good faith, would surely bolster our relations.;;;;;;;;;;;;x
return_cores_HUN_title;Return cores to Hungary;;;;;;;;;;;;;;;;;;;;x,,
return_cores_HUN_desc;We hold provinces that Hungary has claims on. Returning these provinces, as an act of good faith, would surely bolster our relations.;;;;;;;;;;;;x
return_cores_ICL_title;Return cores to Iceland;;;;;;;;;;;;;;;;;;;;x,,
return_cores_ICL_desc;We hold provinces that Iceland has claims on. Returning these provinces, as an act of good faith, would surely bolster our relations.;;;;;;;;;;;;x
return_cores_IPR_title;Return cores to Indrapura;;;;;;;;;;;;;;;;;;;;x,,
return_cores_IPR_desc;We hold provinces that Indrapura has claims on. Returning these provinces, as an act of good faith, would surely bolster our relations.;;;;;;;;;;;;x
return_cores_IRQ_title;Return cores to Iraq;;;;;;;;;;;;;;;;;;;;x,,
return_cores_IRQ_desc;We hold provinces that Iraq has claims on. Returning these provinces, as an act of good faith, would surely bolster our relations.;;;;;;;;;;;;x
return_cores_ITA_title;Return cores to Italy;;;;;;;;;;;;;;;;;;;;x,,
return_cores_ITA_desc;We hold provinces that Italy has claims on. Returning these provinces, as an act of good faith, would surely bolster our relations.;;;;;;;;;;;;x
return_cores_JAP_title;Return cores to Japan;;;;;;;;;;;;;;;;;;;;x,,
return_cores_JAP_desc;We hold provinces that Japan has claims on. Returning these provinces, as an act of good faith, would surely bolster our relations.;;;;;;;;;;;;x
return_cores_JER_title;Return cores to Jerusalem;;;;;;;;;;;;;;;;;;;;x,,
return_cores_JER_desc;We hold provinces that Jerusalem has claims on. Returning these provinces, as an act of good faith, would surely bolster our relations.;;;;;;;;;;;;x
return_cores_JGD_title;Return cores to Junagarh;;;;;;;;;;;;;;;;;;;;x,,
return_cores_JGD_desc;We hold provinces that Junagarh has claims on. Returning these provinces, as an act of good faith, would surely bolster our relations.;;;;;;;;;;;;x
return_cores_JIM_title;Return cores to Jimma;;;;;;;;;;;;;;;;;;;;x,,
return_cores_JIM_desc;We hold provinces that Jimma has claims on. Returning these provinces, as an act of good faith, would surely bolster our relations.;;;;;;;;;;;;x
return_cores_JIN_title;Return cores to Jin;;;;;;;;;;;;;;;;;;;;x,,
return_cores_JIN_desc;We hold provinces that Jin has claims on. Returning these provinces, as an act of good faith, would surely bolster our relations.;;;;;;;;;;;;x
return_cores_JNN_title;Return cores to Jenné;;;;;;;;;;;;;;;;;;;;x,,
return_cores_JNN_desc;We hold provinces that Jenné has claims on. Returning these provinces, as an act of good faith, would surely bolster our relations.;;;;;;;;;;;;x
return_cores_JOH_title;Return cores to Johor;;;;;;;;;;;;;;;;;;;;x,,
return_cores_JOH_desc;We hold provinces that Johor has claims on. Returning these provinces, as an act of good faith, would surely bolster our relations.;;;;;;;;;;;;x
return_cores_KAF_title;Return cores to Kaffa;;;;;;;;;;;;;;;;;;;;x,,
return_cores_KAF_desc;We hold provinces that Kaffa has claims on. Returning these provinces, as an act of good faith, would surely bolster our relations.;;;;;;;;;;;;x
return_cores_KAS_title;Return cores to Kashmir;;;;;;;;;;;;;;;;;;;;x,,
return_cores_KAS_desc;We hold provinces that Kashmir has claims on. Returning these provinces, as an act of good faith, would surely bolster our relations.;;;;;;;;;;;;x
return_cores_KAZ_title;Return cores to Kazakh;;;;;;;;;;;;;;;;;;;;x,,
return_cores_KAZ_desc;We hold provinces that Kazakh has claims on. Returning these provinces, as an act of good faith, would surely bolster our relations.;;;;;;;;;;;;x
return_cores_KBO_title;Return cores to Kanem Bornu;;;;;;;;;;;;;;;;;;;;x,,
return_cores_KBO_desc;We hold provinces that Kanem Bornu has claims on. Returning these provinces, as an act of good faith, would surely bolster our relations.;;;;;;;;;;;;x
return_cores_KCX_title;Return cores to Koch;;;;;;;;;;;;;;;;;;;;x,,
return_cores_KCX_desc;We hold provinces that Koch has claims on. Returning these provinces, as an act of good faith, would surely bolster our relations.;;;;;;;;;;;;x
return_cores_KER_title;Return cores to Cornwall;;;;;;;;;;;;;;;;;;;;x,,
return_cores_KER_desc;We hold provinces that Cornwall has claims on. Returning these provinces, as an act of good faith, would surely bolster our relations.;;;;;;;;;;;;x
return_cores_KHA_title;Return cores to Mongolia;;;;;;;;;;;;;;;;;;;;x,,
return_cores_KHA_desc;We hold provinces that Mongolia has claims on. Returning these provinces, as an act of good faith, would surely bolster our relations.;;;;;;;;;;;;x
return_cores_KHI_title;Return cores to Khiva;;;;;;;;;;;;;;;;;;;;x,,
return_cores_KHI_desc;We hold provinces that Khiva has claims on. Returning these provinces, as an act of good faith, would surely bolster our relations.;;;;;;;;;;;;x
return_cores_KHO_title;Return cores to Khorasan;;;;;;;;;;;;;;;;;;;;x,,
return_cores_KHO_desc;We hold provinces that Khorasan has claims on. Returning these provinces, as an act of good faith, would surely bolster our relations.;;;;;;;;;;;;x
return_cores_KIE_title;Return cores to Kiev;;;;;;;;;;;;;;;;;;;;x,,
return_cores_KIE_desc;We hold provinces that Kiev has claims on. Returning these provinces, as an act of good faith, would surely bolster our relations.;;;;;;;;;;;;x
return_cores_KLK_title;Return cores to Khalkha;;;;;;;;;;;;;;;;;;;;x,,
return_cores_KLK_desc;We hold provinces that Khalkha has claims on. Returning these provinces, as an act of good faith, would surely bolster our relations.;;;;;;;;;;;;x
return_cores_KMC_title;Return cores to Kamchadals;;;;;;;;;;;;;;;;;;;;x,,
return_cores_KMC_desc;We hold provinces that Kamchadals has claims on. Returning these provinces, as an act of good faith, would surely bolster our relations.;;;;;;;;;;;;x
return_cores_KNG_title;Return cores to Kong;;;;;;;;;;;;;;;;;;;;x,,
return_cores_KNG_desc;We hold provinces that Kong has claims on. Returning these provinces, as an act of good faith, would surely bolster our relations.;;;;;;;;;;;;x
return_cores_KNI_title;Return cores to The Knights;;;;;;;;;;;;;;;;;;;;x,,
return_cores_KNI_desc;We hold provinces that The Knights has claims on. Returning these provinces, as an act of good faith, would surely bolster our relations.;;;;;;;;;;;;x
return_cores_KOI_title;Return cores to Mann;;;;;;;;;;;;;;;;;;;;x,,
return_cores_KOI_desc;We hold provinces that Mann has claims on. Returning these provinces, as an act of good faith, would surely bolster our relations.;;;;;;;;;;;;x
return_cores_KON_title;Return cores to Kongo;;;;;;;;;;;;;;;;;;;;x,,
return_cores_KON_desc;We hold provinces that Kongo has claims on. Returning these provinces, as an act of good faith, would surely bolster our relations.;;;;;;;;;;;;x
return_cores_KOR_title;Return cores to Korea;;;;;;;;;;;;;;;;;;;;x,,
return_cores_KOR_desc;We hold provinces that Korea has claims on. Returning these provinces, as an act of good faith, would surely bolster our relations.;;;;;;;;;;;;x
return_cores_KRC_title;Return cores to Korchin;;;;;;;;;;;;;;;;;;;;x,,
return_cores_KRC_desc;We hold provinces that Korchin has claims on. Returning these provinces, as an act of good faith, would surely bolster our relations.;;;;;;;;;;;;x
return_cores_KSJ_title;Return cores to Kasanje;;;;;;;;;;;;;;;;;;;;x,,
return_cores_KSJ_desc;We hold provinces that Kasanje has claims on. Returning these provinces, as an act of good faith, would surely bolster our relations.;;;;;;;;;;;;x
return_cores_KUB_title;Return cores to Kuba;;;;;;;;;;;;;;;;;;;;x,,
return_cores_KUB_desc;We hold provinces that Kuba has claims on. Returning these provinces, as an act of good faith, would surely bolster our relations.;;;;;;;;;;;;x
return_cores_KZB_title;Return cores to Kazembe;;;;;;;;;;;;;;;;;;;;x,,
return_cores_KZB_desc;We hold provinces that Kazembe has claims on. Returning these provinces, as an act of good faith, would surely bolster our relations.;;;;;;;;;;;;x
return_cores_LAN_title;Return cores to Lanfang;;;;;;;;;;;;;;;;;;;;x,,
return_cores_LAN_desc;We hold provinces that Lanfang has claims on. Returning these provinces, as an act of good faith, would surely bolster our relations.;;;;;;;;;;;;x
return_cores_LBA_title;Return cores to Luba;;;;;;;;;;;;;;;;;;;;x,,
return_cores_LBA_desc;We hold provinces that Luba has claims on. Returning these provinces, as an act of good faith, would surely bolster our relations.;;;;;;;;;;;;x
return_cores_LIT_title;Return cores to Lithuania;;;;;;;;;;;;;;;;;;;;x,,
return_cores_LIT_desc;We hold provinces that Lithuania has claims on. Returning these provinces, as an act of good faith, would surely bolster our relations.;;;;;;;;;;;;x
return_cores_LNG_title;Return cores to Liang;;;;;;;;;;;;;;;;;;;;x,,
return_cores_LNG_desc;We hold provinces that Liang has claims on. Returning these provinces, as an act of good faith, would surely bolster our relations.;;;;;;;;;;;;x
return_cores_LOM_title;Return cores to Milan;;;;;;;;;;;;;;;;;;;;x,,
return_cores_LOM_desc;We hold provinces that Milan has claims on. Returning these provinces, as an act of good faith, would surely bolster our relations.;;;;;;;;;;;;x
return_cores_LOT_title;Return cores to Lotharingia;;;;;;;;;;;;;;;;;;;;x,,
return_cores_LOT_desc;We hold provinces that Lotharingia has claims on. Returning these provinces, as an act of good faith, would surely bolster our relations.;;;;;;;;;;;;x
return_cores_LUA_title;Return cores to Luang Prabang;;;;;;;;;;;;;;;;;;;;x,,
return_cores_LUA_desc;We hold provinces that Luang Prabang has claims on. Returning these provinces, as an act of good faith, would surely bolster our relations.;;;;;;;;;;;;x
return_cores_LUN_title;Return cores to Lunda;;;;;;;;;;;;;;;;;;;;x,,
return_cores_LUN_desc;We hold provinces that Lunda has claims on. Returning these provinces, as an act of good faith, would surely bolster our relations.;;;;;;;;;;;;x
return_cores_MAW_title;Return cores to Malwa;;;;;;;;;;;;;;;;;;;;x,,
return_cores_MAW_desc;We hold provinces that Malwa has claims on. Returning these provinces, as an act of good faith, would surely bolster our relations.;;;;;;;;;;;;x
return_cores_MCA_title;Return cores to Muisca;;;;;;;;;;;;;;;;;;;;x,,
return_cores_MCA_desc;We hold provinces that Muisca has claims on. Returning these provinces, as an act of good faith, would surely bolster our relations.;;;;;;;;;;;;x
return_cores_MED_title;Return cores to Medri Bahri;;;;;;;;;;;;;;;;;;;;x,,
return_cores_MED_desc;We hold provinces that Medri Bahri has claims on. Returning these provinces, as an act of good faith, would surely bolster our relations.;;;;;;;;;;;;x
return_cores_MEW_title;Return cores to Mewar;;;;;;;;;;;;;;;;;;;;x,,
return_cores_MEW_desc;We hold provinces that Mewar has claims on. Returning these provinces, as an act of good faith, would surely bolster our relations.;;;;;;;;;;;;x
return_cores_MFY_title;Return cores to Mahafaly;;;;;;;;;;;;;;;;;;;;x,,
return_cores_MFY_desc;We hold provinces that Mahafaly has claims on. Returning these provinces, as an act of good faith, would surely bolster our relations.;;;;;;;;;;;;x
return_cores_MHR_title;Return cores to Mahra;;;;;;;;;;;;;;;;;;;;x,,
return_cores_MHR_desc;We hold provinces that Mahra has claims on. Returning these provinces, as an act of good faith, would surely bolster our relations.;;;;;;;;;;;;x
return_cores_MHX_title;Return cores to Haixi;;;;;;;;;;;;;;;;;;;;x,,
return_cores_MHX_desc;We hold provinces that Haixi has claims on. Returning these provinces, as an act of good faith, would surely bolster our relations.;;;;;;;;;;;;x
return_cores_MIR_title;Return cores to Imerina;;;;;;;;;;;;;;;;;;;;x,,
return_cores_MIR_desc;We hold provinces that Imerina has claims on. Returning these provinces, as an act of good faith, would surely bolster our relations.;;;;;;;;;;;;x
return_cores_MJP_title;Return cores to Majapahit;;;;;;;;;;;;;;;;;;;;x,,
return_cores_MJP_desc;We hold provinces that Majapahit has claims on. Returning these provinces, as an act of good faith, would surely bolster our relations.;;;;;;;;;;;;x
return_cores_MJZ_title;Return cores to Jianzhou;;;;;;;;;;;;;;;;;;;;x,,
return_cores_MJZ_desc;We hold provinces that Jianzhou has claims on. Returning these provinces, as an act of good faith, would surely bolster our relations.;;;;;;;;;;;;x
return_cores_MKS_title;Return cores to Makassar;;;;;;;;;;;;;;;;;;;;x,,
return_cores_MKS_desc;We hold provinces that Makassar has claims on. Returning these provinces, as an act of good faith, would surely bolster our relations.;;;;;;;;;;;;x
return_cores_MKU_title;Return cores to Makua;;;;;;;;;;;;;;;;;;;;x,,
return_cores_MKU_desc;We hold provinces that Makua has claims on. Returning these provinces, as an act of good faith, would surely bolster our relations.;;;;;;;;;;;;x
return_cores_ML1_title;Return cores to Malindi;;;;;;;;;;;;;;;;;;;;x,,
return_cores_ML1_desc;We hold provinces that Malindi has claims on. Returning these provinces, as an act of good faith, would surely bolster our relations.;;;;;;;;;;;;x
return_cores_MLC_title;Return cores to Malacca;;;;;;;;;;;;;;;;;;;;x,,
return_cores_MLC_desc;We hold provinces that Malacca has claims on. Returning these provinces, as an act of good faith, would surely bolster our relations.;;;;;;;;;;;;x
return_cores_MLI_title;Return cores to Mali;;;;;;;;;;;;;;;;;;;;x,,
return_cores_MLI_desc;We hold provinces that Mali has claims on. Returning these provinces, as an act of good faith, would surely bolster our relations.;;;;;;;;;;;;x
return_cores_MLW_title;Return cores to Maravi;;;;;;;;;;;;;;;;;;;;x,,
return_cores_MLW_desc;We hold provinces that Maravi has claims on. Returning these provinces, as an act of good faith, would surely bolster our relations.;;;;;;;;;;;;x
return_cores_MNP_title;Return cores to Manipur;;;;;;;;;;;;;;;;;;;;x,,
return_cores_MNP_desc;We hold provinces that Manipur has claims on. Returning these provinces, as an act of good faith, would surely bolster our relations.;;;;;;;;;;;;x
return_cores_MNX_title;Return cores to Ming;;;;;;;;;;;;;;;;;;;;x,,
return_cores_MNX_desc;We hold provinces that Ming has claims on. Returning these provinces, as an act of good faith, would surely bolster our relations.;;;;;;;;;;;;x
return_cores_MOR_title;Return cores to Morocco;;;;;;;;;;;;;;;;;;;;x,,
return_cores_MOR_desc;We hold provinces that Morocco has claims on. Returning these provinces, as an act of good faith, would surely bolster our relations.;;;;;;;;;;;;x
return_cores_MPC_title;Return cores to Mapuche;;;;;;;;;;;;;;;;;;;;x,,
return_cores_MPC_desc;We hold provinces that Mapuche has claims on. Returning these provinces, as an act of good faith, would surely bolster our relations.;;;;;;;;;;;;x
return_cores_MRI_title;Return cores to Mori;;;;;;;;;;;;;;;;;;;;x,,
return_cores_MRI_desc;We hold provinces that Mori has claims on. Returning these provinces, as an act of good faith, would surely bolster our relations.;;;;;;;;;;;;x
return_cores_MRT_title;Return cores to Marathas;;;;;;;;;;;;;;;;;;;;x,,
return_cores_MRT_desc;We hold provinces that Marathas has claims on. Returning these provinces, as an act of good faith, would surely bolster our relations.;;;;;;;;;;;;x
return_cores_MTR_title;Return cores to Mataram;;;;;;;;;;;;;;;;;;;;x,,
return_cores_MTR_desc;We hold provinces that Mataram has claims on. Returning these provinces, as an act of good faith, would surely bolster our relations.;;;;;;;;;;;;x
return_cores_MYS_title;Return cores to Mysore;;;;;;;;;;;;;;;;;;;;x,,
return_cores_MYS_desc;We hold provinces that Mysore has claims on. Returning these provinces, as an act of good faith, would surely bolster our relations.;;;;;;;;;;;;x
return_cores_NAV_title;Return cores to Navarra;;;;;;;;;;;;;;;;;;;;x,,
return_cores_NAV_desc;We hold provinces that Navarra has claims on. Returning these provinces, as an act of good faith, would surely bolster our relations.;;;;;;;;;;;;x
return_cores_NDO_title;Return cores to Ndongo;;;;;;;;;;;;;;;;;;;;x,,
return_cores_NDO_desc;We hold provinces that Ndongo has claims on. Returning these provinces, as an act of good faith, would surely bolster our relations.;;;;;;;;;;;;x
return_cores_NEJ_title;Return cores to Najd;;;;;;;;;;;;;;;;;;;;x,,
return_cores_NEJ_desc;We hold provinces that Najd has claims on. Returning these provinces, as an act of good faith, would surely bolster our relations.;;;;;;;;;;;;x
return_cores_NET_title;Return cores to Netherlands;;;;;;;;;;;;;;;;;;;;x,,
return_cores_NET_desc;We hold provinces that Netherlands has claims on. Returning these provinces, as an act of good faith, would surely bolster our relations.;;;;;;;;;;;;x
return_cores_NGP_title;Return cores to Jharkhand;;;;;;;;;;;;;;;;;;;;x,,
return_cores_NGP_desc;We hold provinces that Jharkhand has claims on. Returning these provinces, as an act of good faith, would surely bolster our relations.;;;;;;;;;;;;x
return_cores_NHX_title;Return cores to Orochoni;;;;;;;;;;;;;;;;;;;;x,,
return_cores_NHX_desc;We hold provinces that Orochoni has claims on. Returning these provinces, as an act of good faith, would surely bolster our relations.;;;;;;;;;;;;x
return_cores_NNG_title;Return cores to Ning;;;;;;;;;;;;;;;;;;;;x,,
return_cores_NNG_desc;We hold provinces that Ning has claims on. Returning these provinces, as an act of good faith, would surely bolster our relations.;;;;;;;;;;;;x
return_cores_NOG_title;Return cores to Nogai;;;;;;;;;;;;;;;;;;;;x,,
return_cores_NOG_desc;We hold provinces that Nogai has claims on. Returning these provinces, as an act of good faith, would surely bolster our relations.;;;;;;;;;;;;x
return_cores_NOR_title;Return cores to Norway;;;;;;;;;;;;;;;;;;;;x,,
return_cores_NOR_desc;We hold provinces that Norway has claims on. Returning these provinces, as an act of good faith, would surely bolster our relations.;;;;;;;;;;;;x
return_cores_NRM_title;Return cores to Normandy;;;;;;;;;;;;;;;;;;;;x,,
return_cores_NRM_desc;We hold provinces that Normandy has claims on. Returning these provinces, as an act of good faith, would surely bolster our relations.;;;;;;;;;;;;x
return_cores_NUB_title;Return cores to Funj;;;;;;;;;;;;;;;;;;;;x,,
return_cores_NUB_desc;We hold provinces that Funj has claims on. Returning these provinces, as an act of good faith, would surely bolster our relations.;;;;;;;;;;;;x
return_cores_NUP_title;Return cores to Nupe;;;;;;;;;;;;;;;;;;;;x,,
return_cores_NUP_desc;We hold provinces that Nupe has claims on. Returning these provinces, as an act of good faith, would surely bolster our relations.;;;;;;;;;;;;x
return_cores_NVG_title;Return cores to Novgorod;;;;;;;;;;;;;;;;;;;;x,,
return_cores_NVG_desc;We hold provinces that Novgorod has claims on. Returning these provinces, as an act of good faith, would surely bolster our relations.;;;;;;;;;;;;x
return_cores_NZA_title;Return cores to Ngati Ranginui;;;;;;;;;;;;;;;;;;;;x,,
return_cores_NZA_desc;We hold provinces that Ngati Ranginui has claims on. Returning these provinces, as an act of good faith, would surely bolster our relations.;;;;;;;;;;;;x
return_cores_NZK_title;Return cores to Ngati Kahungunu;;;;;;;;;;;;;;;;;;;;x,,
return_cores_NZK_desc;We hold provinces that Ngati Kahungunu has claims on. Returning these provinces, as an act of good faith, would surely bolster our relations.;;;;;;;;;;;;x
return_cores_NZR_title;Return cores to Ngati Toa;;;;;;;;;;;;;;;;;;;;x,,
return_cores_NZR_desc;We hold provinces that Ngati Toa has claims on. Returning these provinces, as an act of good faith, would surely bolster our relations.;;;;;;;;;;;;x
return_cores_NZT_title;Return cores to Ngapuhi;;;;;;;;;;;;;;;;;;;;x,,
return_cores_NZT_desc;We hold provinces that Ngapuhi has claims on. Returning these provinces, as an act of good faith, would surely bolster our relations.;;;;;;;;;;;;x
return_cores_OGD_title;Return cores to Ogaadeen;;;;;;;;;;;;;;;;;;;;x,,
return_cores_OGD_desc;We hold provinces that Ogaadeen has claims on. Returning these provinces, as an act of good faith, would surely bolster our relations.;;;;;;;;;;;;x
return_cores_OIR_title;Return cores to Oirat;;;;;;;;;;;;;;;;;;;;x,,
return_cores_OIR_desc;We hold provinces that Oirat has claims on. Returning these provinces, as an act of good faith, would surely bolster our relations.;;;;;;;;;;;;x
return_cores_OMA_title;Return cores to Oman;;;;;;;;;;;;;;;;;;;;x,,
return_cores_OMA_desc;We hold provinces that Oman has claims on. Returning these provinces, as an act of good faith, would surely bolster our relations.;;;;;;;;;;;;x
return_cores_ORI_title;Return cores to Orissa;;;;;;;;;;;;;;;;;;;;x,,
return_cores_ORI_desc;We hold provinces that Orissa has claims on. Returning these provinces, as an act of good faith, would surely bolster our relations.;;;;;;;;;;;;x
return_cores_ORM_title;Return cores to Hormuz;;;;;;;;;;;;;;;;;;;;x,,
return_cores_ORM_desc;We hold provinces that Hormuz has claims on. Returning these provinces, as an act of good faith, would surely bolster our relations.;;;;;;;;;;;;x
return_cores_OTM_title;Return cores to Otomo;;;;;;;;;;;;;;;;;;;;x,,
return_cores_OTM_desc;We hold provinces that Otomo has claims on. Returning these provinces, as an act of good faith, would surely bolster our relations.;;;;;;;;;;;;x
return_cores_OYO_title;Return cores to Oyo;;;;;;;;;;;;;;;;;;;;x,,
return_cores_OYO_desc;We hold provinces that Oyo has claims on. Returning these provinces, as an act of good faith, would surely bolster our relations.;;;;;;;;;;;;x
return_cores_PEG_title;Return cores to Pegu;;;;;;;;;;;;;;;;;;;;x,,
return_cores_PEG_desc;We hold provinces that Pegu has claims on. Returning these provinces, as an act of good faith, would surely bolster our relations.;;;;;;;;;;;;x
return_cores_PEU_title;Return cores to Spanish Peru;;;;;;;;;;;;;;;;;;;;x,,
return_cores_PEU_desc;We hold provinces that Spanish Peru has claims on. Returning these provinces, as an act of good faith, would surely bolster our relations.;;;;;;;;;;;;x
return_cores_PLB_title;Return cores to Palembang;;;;;;;;;;;;;;;;;;;;x,,
return_cores_PLB_desc;We hold provinces that Palembang has claims on. Returning these provinces, as an act of good faith, would surely bolster our relations.;;;;;;;;;;;;x
return_cores_PLT_title;Return cores to Polotsk;;;;;;;;;;;;;;;;;;;;x,,
return_cores_PLT_desc;We hold provinces that Polotsk has claims on. Returning these provinces, as an act of good faith, would surely bolster our relations.;;;;;;;;;;;;x
return_cores_PNJ_title;Return cores to Punjab;;;;;;;;;;;;;;;;;;;;x,,
return_cores_PNJ_desc;We hold provinces that Punjab has claims on. Returning these provinces, as an act of good faith, would surely bolster our relations.;;;;;;;;;;;;x
return_cores_POL_title;Return cores to Poland;;;;;;;;;;;;;;;;;;;;x,,
return_cores_POL_desc;We hold provinces that Poland has claims on. Returning these provinces, as an act of good faith, would surely bolster our relations.;;;;;;;;;;;;x
return_cores_POR_title;Return cores to Portugal;;;;;;;;;;;;;;;;;;;;x,,
return_cores_POR_desc;We hold provinces that Portugal has claims on. Returning these provinces, as an act of good faith, would surely bolster our relations.;;;;;;;;;;;;x
return_cores_PRM_title;Return cores to Perm;;;;;;;;;;;;;;;;;;;;x,,
return_cores_PRM_desc;We hold provinces that Perm has claims on. Returning these provinces, as an act of good faith, would surely bolster our relations.;;;;;;;;;;;;x
return_cores_PRO_title;Return cores to Provence;;;;;;;;;;;;;;;;;;;;x,,
return_cores_PRO_desc;We hold provinces that Provence has claims on. Returning these provinces, as an act of good faith, would surely bolster our relations.;;;;;;;;;;;;x
return_cores_PTE_title;Return cores to Pate;;;;;;;;;;;;;;;;;;;;x,,
return_cores_PTE_desc;We hold provinces that Pate has claims on. Returning these provinces, as an act of good faith, would surely bolster our relations.;;;;;;;;;;;;x
return_cores_QAR_title;Return cores to Qara Qoyunlu;;;;;;;;;;;;;;;;;;;;x,,
return_cores_QAR_desc;We hold provinces that Qara Qoyunlu has claims on. Returning these provinces, as an act of good faith, would surely bolster our relations.;;;;;;;;;;;;x
return_cores_QIC_title;Return cores to Qi;;;;;;;;;;;;;;;;;;;;x,,
return_cores_QIC_desc;We hold provinces that Qi has claims on. Returning these provinces, as an act of good faith, would surely bolster our relations.;;;;;;;;;;;;x
return_cores_QTO_title;Return cores to Quito;;;;;;;;;;;;;;;;;;;;x,,
return_cores_QTO_desc;We hold provinces that Quito has claims on. Returning these provinces, as an act of good faith, would surely bolster our relations.;;;;;;;;;;;;x
return_cores_RDL_title;Return cores to Ardalan;;;;;;;;;;;;;;;;;;;;x,,
return_cores_RDL_desc;We hold provinces that Ardalan has claims on. Returning these provinces, as an act of good faith, would surely bolster our relations.;;;;;;;;;;;;x
return_cores_RGS_title;Return cores to Portuguese Brazil;;;;;;;;;;;;;;;;;;;;x,,
return_cores_RGS_desc;We hold provinces that Portuguese Brazil has claims on. Returning these provinces, as an act of good faith, would surely bolster our relations.;;;;;;;;;;;;x
return_cores_RHD_title;Return cores to Rhade;;;;;;;;;;;;;;;;;;;;x,,
return_cores_RHD_desc;We hold provinces that Rhade has claims on. Returning these provinces, as an act of good faith, would surely bolster our relations.;;;;;;;;;;;;x
return_cores_ROM_title;Return cores to Romania;;;;;;;;;;;;;;;;;;;;x,,
return_cores_ROM_desc;We hold provinces that Romania has claims on. Returning these provinces, as an act of good faith, would surely bolster our relations.;;;;;;;;;;;;x
return_cores_RUS_title;Return cores to Russia;;;;;;;;;;;;;;;;;;;;x,,
return_cores_RUS_desc;We hold provinces that Russia has claims on. Returning these provinces, as an act of good faith, would surely bolster our relations.;;;;;;;;;;;;x
return_cores_RWA_title;Return cores to Rwanda;;;;;;;;;;;;;;;;;;;;x,,
return_cores_RWA_desc;We hold provinces that Rwanda has claims on. Returning these provinces, as an act of good faith, would surely bolster our relations.;;;;;;;;;;;;x
return_cores_RYA_title;Return cores to Ryazan;;;;;;;;;;;;;;;;;;;;x,,
return_cores_RYA_desc;We hold provinces that Ryazan has claims on. Returning these provinces, as an act of good faith, would surely bolster our relations.;;;;;;;;;;;;x
return_cores_RYU_title;Return cores to Ryukyu;;;;;;;;;;;;;;;;;;;;x,,
return_cores_RYU_desc;We hold provinces that Ryukyu has claims on. Returning these provinces, as an act of good faith, would surely bolster our relations.;;;;;;;;;;;;x
return_cores_SAX_title;Return cores to Saxony;;;;;;;;;;;;;;;;;;;;x,,
return_cores_SAX_desc;We hold provinces that Saxony has claims on. Returning these provinces, as an act of good faith, would surely bolster our relations.;;;;;;;;;;;;x
return_cores_SBA_title;Return cores to Rio da Prata;;;;;;;;;;;;;;;;;;;;x,,
return_cores_SBA_desc;We hold provinces that Rio da Prata has claims on. Returning these provinces, as an act of good faith, would surely bolster our relations.;;;;;;;;;;;;x
return_cores_SCA_title;Return cores to Scandinavia;;;;;;;;;;;;;;;;;;;;x,,
return_cores_SCA_desc;We hold provinces that Scandinavia has claims on. Returning these provinces, as an act of good faith, would surely bolster our relations.;;;;;;;;;;;;x
return_cores_SCO_title;Return cores to Scotland;;;;;;;;;;;;;;;;;;;;x,,
return_cores_SCO_desc;We hold provinces that Scotland has claims on. Returning these provinces, as an act of good faith, would surely bolster our relations.;;;;;;;;;;;;x
return_cores_SER_title;Return cores to Serbia;;;;;;;;;;;;;;;;;;;;x,,
return_cores_SER_desc;We hold provinces that Serbia has claims on. Returning these provinces, as an act of good faith, would surely bolster our relations.;;;;;;;;;;;;x
return_cores_SGH_title;Return cores to Songhai;;;;;;;;;;;;;;;;;;;;x,,
return_cores_SGH_desc;We hold provinces that Songhai has claims on. Returning these provinces, as an act of good faith, would surely bolster our relations.;;;;;;;;;;;;x
return_cores_SGU_title;Return cores to Segu;;;;;;;;;;;;;;;;;;;;x,,
return_cores_SGU_desc;We hold provinces that Segu has claims on. Returning these provinces, as an act of good faith, would surely bolster our relations.;;;;;;;;;;;;x
return_cores_SHU_title;Return cores to Shu;;;;;;;;;;;;;;;;;;;;x,,
return_cores_SHU_desc;We hold provinces that Shu has claims on. Returning these provinces, as an act of good faith, would surely bolster our relations.;;;;;;;;;;;;x
return_cores_SHY_title;Return cores to Uzbek;;;;;;;;;;;;;;;;;;;;x,,
return_cores_SHY_desc;We hold provinces that Uzbek has claims on. Returning these provinces, as an act of good faith, would surely bolster our relations.;;;;;;;;;;;;x
return_cores_SIA_title;Return cores to Ayutthaya;;;;;;;;;;;;;;;;;;;;x,,
return_cores_SIA_desc;We hold provinces that Ayutthaya has claims on. Returning these provinces, as an act of good faith, would surely bolster our relations.;;;;;;;;;;;;x
return_cores_SIC_title;Return cores to Two Sicilies;;;;;;;;;;;;;;;;;;;;x,,
return_cores_SIC_desc;We hold provinces that Two Sicilies has claims on. Returning these provinces, as an act of good faith, would surely bolster our relations.;;;;;;;;;;;;x
return_cores_SIE_title;Return cores to Transylvania;;;;;;;;;;;;;;;;;;;;x,,
return_cores_SIE_desc;We hold provinces that Transylvania has claims on. Returning these provinces, as an act of good faith, would surely bolster our relations.;;;;;;;;;;;;x
return_cores_SIN_title;Return cores to Sindh;;;;;;;;;;;;;;;;;;;;x,,
return_cores_SIN_desc;We hold provinces that Sindh has claims on. Returning these provinces, as an act of good faith, would surely bolster our relations.;;;;;;;;;;;;x
return_cores_SKA_title;Return cores to Sakalava;;;;;;;;;;;;;;;;;;;;x,,
return_cores_SKA_desc;We hold provinces that Sakalava has claims on. Returning these provinces, as an act of good faith, would surely bolster our relations.;;;;;;;;;;;;x
return_cores_SLV_title;Return cores to Nitra;;;;;;;;;;;;;;;;;;;;x,,
return_cores_SLV_desc;We hold provinces that Nitra has claims on. Returning these provinces, as an act of good faith, would surely bolster our relations.;;;;;;;;;;;;x
return_cores_SNZ_title;Return cores to Waitaha;;;;;;;;;;;;;;;;;;;;x,,
return_cores_SNZ_desc;We hold provinces that Waitaha has claims on. Returning these provinces, as an act of good faith, would surely bolster our relations.;;;;;;;;;;;;x
return_cores_SOL_title;Return cores to Solon;;;;;;;;;;;;;;;;;;;;x,,
return_cores_SOL_desc;We hold provinces that Solon has claims on. Returning these provinces, as an act of good faith, would surely bolster our relations.;;;;;;;;;;;;x
return_cores_SPA_title;Return cores to Spain;;;;;;;;;;;;;;;;;;;;x,,
return_cores_SPA_desc;We hold provinces that Spain has claims on. Returning these provinces, as an act of good faith, would surely bolster our relations.;;;;;;;;;;;;x
return_cores_SRD_title;Return cores to Sardinia;;;;;;;;;;;;;;;;;;;;x,,
return_cores_SRD_desc;We hold provinces that Sardinia has claims on. Returning these provinces, as an act of good faith, would surely bolster our relations.;;;;;;;;;;;;x
return_cores_SRI_title;Return cores to Kotte;;;;;;;;;;;;;;;;;;;;x,,
return_cores_SRI_desc;We hold provinces that Kotte has claims on. Returning these provinces, as an act of good faith, would surely bolster our relations.;;;;;;;;;;;;x
return_cores_SUL_title;Return cores to Sulu;;;;;;;;;;;;;;;;;;;;x,,
return_cores_SUL_desc;We hold provinces that Sulu has claims on. Returning these provinces, as an act of good faith, would surely bolster our relations.;;;;;;;;;;;;x
return_cores_SUN_title;Return cores to Sunda;;;;;;;;;;;;;;;;;;;;x,,
return_cores_SUN_desc;We hold provinces that Sunda has claims on. Returning these provinces, as an act of good faith, would surely bolster our relations.;;;;;;;;;;;;x
return_cores_SWA_title;Return cores to Kilwa;;;;;;;;;;;;;;;;;;;;x,,
return_cores_SWA_desc;We hold provinces that Kilwa has claims on. Returning these provinces, as an act of good faith, would surely bolster our relations.;;;;;;;;;;;;x
return_cores_SWI_title;Return cores to Switzerland;;;;;;;;;;;;;;;;;;;;x,,
return_cores_SWI_desc;We hold provinces that Switzerland has claims on. Returning these provinces, as an act of good faith, would surely bolster our relations.;;;;;;;;;;;;x
return_cores_SYC_title;Return cores to Sicily;;;;;;;;;;;;;;;;;;;;x,,
return_cores_SYC_desc;We hold provinces that Sicily has claims on. Returning these provinces, as an act of good faith, would surely bolster our relations.;;;;;;;;;;;;x
return_cores_SYR_title;Return cores to Syria;;;;;;;;;;;;;;;;;;;;x,,
return_cores_SYR_desc;We hold provinces that Syria has claims on. Returning these provinces, as an act of good faith, would surely bolster our relations.;;;;;;;;;;;;x
return_cores_TAB_title;Return cores to Mazandaran;;;;;;;;;;;;;;;;;;;;x,,
return_cores_TAB_desc;We hold provinces that Mazandaran has claims on. Returning these provinces, as an act of good faith, would surely bolster our relations.;;;;;;;;;;;;x
return_cores_TBZ_title;Return cores to Trebizond;;;;;;;;;;;;;;;;;;;;x,,
return_cores_TBZ_desc;We hold provinces that Trebizond has claims on. Returning these provinces, as an act of good faith, would surely bolster our relations.;;;;;;;;;;;;x
return_cores_TIM_title;Return cores to Timurids;;;;;;;;;;;;;;;;;;;;x,,
return_cores_TIM_desc;We hold provinces that Timurids has claims on. Returning these provinces, as an act of good faith, would surely bolster our relations.;;;;;;;;;;;;x
return_cores_TLC_title;Return cores to Tlemcen;;;;;;;;;;;;;;;;;;;;x,,
return_cores_TLC_desc;We hold provinces that Tlemcen has claims on. Returning these provinces, as an act of good faith, would surely bolster our relations.;;;;;;;;;;;;x
return_cores_TPQ_title;Return cores to Tupiniquim;;;;;;;;;;;;;;;;;;;;x,,
return_cores_TPQ_desc;We hold provinces that Tupiniquim has claims on. Returning these provinces, as an act of good faith, would surely bolster our relations.;;;;;;;;;;;;x
return_cores_TRA_title;Return cores to Venad;;;;;;;;;;;;;;;;;;;;x,,
return_cores_TRA_desc;We hold provinces that Venad has claims on. Returning these provinces, as an act of good faith, would surely bolster our relations.;;;;;;;;;;;;x
return_cores_TRT_title;Return cores to Tirhut;;;;;;;;;;;;;;;;;;;;x,,
return_cores_TRT_desc;We hold provinces that Tirhut has claims on. Returning these provinces, as an act of good faith, would surely bolster our relations.;;;;;;;;;;;;x
return_cores_TTE_title;Return cores to Ternate;;;;;;;;;;;;;;;;;;;;x,,
return_cores_TTE_desc;We hold provinces that Ternate has claims on. Returning these provinces, as an act of good faith, would surely bolster our relations.;;;;;;;;;;;;x
return_cores_TUA_title;Return cores to Tapuia;;;;;;;;;;;;;;;;;;;;x,,
return_cores_TUA_desc;We hold provinces that Tapuia has claims on. Returning these provinces, as an act of good faith, would surely bolster our relations.;;;;;;;;;;;;x
return_cores_TUN_title;Return cores to Tunis;;;;;;;;;;;;;;;;;;;;x,,
return_cores_TUN_desc;We hold provinces that Tunis has claims on. Returning these provinces, as an act of good faith, would surely bolster our relations.;;;;;;;;;;;;x
return_cores_TUR_title;Return cores to Ottomans;;;;;;;;;;;;;;;;;;;;x,,
return_cores_TUR_desc;We hold provinces that Ottomans has claims on. Returning these provinces, as an act of good faith, would surely bolster our relations.;;;;;;;;;;;;x
return_cores_URB_title;Return cores to Urbino;;;;;;;;;;;;;;;;;;;;x,,
return_cores_URB_desc;We hold provinces that Urbino has claims on. Returning these provinces, as an act of good faith, would surely bolster our relations.;;;;;;;;;;;;x
return_cores_USA_title;Return cores to United States;;;;;;;;;;;;;;;;;;;;x,,
return_cores_USA_desc;We hold provinces that United States has claims on. Returning these provinces, as an act of good faith, would surely bolster our relations.;;;;;;;;;;;;x
return_cores_UTS_title;Return cores to Tsang;;;;;;;;;;;;;;;;;;;;x,,
return_cores_UTS_desc;We hold provinces that Tsang has claims on. Returning these provinces, as an act of good faith, would surely bolster our relations.;;;;;;;;;;;;x
return_cores_VEN_title;Return cores to Venice;;;;;;;;;;;;;;;;;;;;x,,
return_cores_VEN_desc;We hold provinces that Venice has claims on. Returning these provinces, as an act of good faith, would surely bolster our relations.;;;;;;;;;;;;x
return_cores_WAD_title;Return cores to Wadai;;;;;;;;;;;;;;;;;;;;x,,
return_cores_WAD_desc;We hold provinces that Wadai has claims on. Returning these provinces, as an act of good faith, would surely bolster our relations.;;;;;;;;;;;;x
return_cores_WES_title;Return cores to Westphalia;;;;;;;;;;;;;;;;;;;;x,,
return_cores_WES_desc;We hold provinces that Westphalia has claims on. Returning these provinces, as an act of good faith, would surely bolster our relations.;;;;;;;;;;;;x
return_cores_WHA_title;Return cores to Wales;;;;;;;;;;;;;;;;;;;;x,,
return_cores_WHA_desc;We hold provinces that Wales has claims on. Returning these provinces, as an act of good faith, would surely bolster our relations.;;;;;;;;;;;;x
return_cores_WOL_title;Return cores to Jolof;;;;;;;;;;;;;;;;;;;;x,,
return_cores_WOL_desc;We hold provinces that Jolof has claims on. Returning these provinces, as an act of good faith, would surely bolster our relations.;;;;;;;;;;;;x
return_cores_WRL_title;Return cores to Warsangali;;;;;;;;;;;;;;;;;;;;x,,
return_cores_WRL_desc;We hold provinces that Warsangali has claims on. Returning these provinces, as an act of good faith, would surely bolster our relations.;;;;;;;;;;;;x
return_cores_X00_title;Return cores to Beja;;;;;;;;;;;;;;;;;;;;x,,
return_cores_X00_desc;We hold provinces that Beja has claims on. Returning these provinces, as an act of good faith, would surely bolster our relations.;;;;;;;;;;;;x
return_cores_X01_title;Return cores to Bologna;;;;;;;;;;;;;;;;;;;;x,,
return_cores_X01_desc;We hold provinces that Bologna has claims on. Returning these provinces, as an act of good faith, would surely bolster our relations.;;;;;;;;;;;;x
return_cores_X02_title;Return cores to Semien;;;;;;;;;;;;;;;;;;;;x,,
return_cores_X02_desc;We hold provinces that Semien has claims on. Returning these provinces, as an act of good faith, would surely bolster our relations.;;;;;;;;;;;;x
return_cores_X03_title;Return cores to North Korea;;;;;;;;;;;;;;;;;;;;x,,
return_cores_X03_desc;We hold provinces that North Korea has claims on. Returning these provinces, as an act of good faith, would surely bolster our relations.;;;;;;;;;;;;x
return_cores_X04_title;Return cores to Shandong;;;;;;;;;;;;;;;;;;;;x,,
return_cores_X04_desc;We hold provinces that Shandong has claims on. Returning these provinces, as an act of good faith, would surely bolster our relations.;;;;;;;;;;;;x
return_cores_X05_title;Return cores to León;;;;;;;;;;;;;;;;;;;;x,,
return_cores_X05_desc;We hold provinces that León has claims on. Returning these provinces, as an act of good faith, would surely bolster our relations.;;;;;;;;;;;;x
return_cores_X06_title;Return cores to Mamluks;;;;;;;;;;;;;;;;;;;;x,,
return_cores_X06_desc;We hold provinces that Mamluks has claims on. Returning these provinces, as an act of good faith, would surely bolster our relations.;;;;;;;;;;;;x
return_cores_X07_title;Return cores to Terre Australe;;;;;;;;;;;;;;;;;;;;x,,
return_cores_X07_desc;We hold provinces that Terre Australe has claims on. Returning these provinces, as an act of good faith, would surely bolster our relations.;;;;;;;;;;;;x
return_cores_X08_title;Return cores to Breton Australia;;;;;;;;;;;;;;;;;;;;x,,
return_cores_X08_desc;We hold provinces that Breton Australia has claims on. Returning these provinces, as an act of good faith, would surely bolster our relations.;;;;;;;;;;;;x
return_cores_X09_title;Return cores to German Australia;;;;;;;;;;;;;;;;;;;;x,,
return_cores_X09_desc;We hold provinces that German Australia has claims on. Returning these provinces, as an act of good faith, would surely bolster our relations.;;;;;;;;;;;;x
return_cores_XMA_title;Return cores to Madurai;;;;;;;;;;;;;;;;;;;;x,,
return_cores_XMA_desc;We hold provinces that Madurai has claims on. Returning these provinces, as an act of good faith, would surely bolster our relations.;;;;;;;;;;;;x
return_cores_YAN_title;Return cores to Yan;;;;;;;;;;;;;;;;;;;;x,,
return_cores_YAN_desc;We hold provinces that Yan has claims on. Returning these provinces, as an act of good faith, would surely bolster our relations.;;;;;;;;;;;;x
return_cores_YEM_title;Return cores to Yemen;;;;;;;;;;;;;;;;;;;;x,,
return_cores_YEM_desc;We hold provinces that Yemen has claims on. Returning these provinces, as an act of good faith, would surely bolster our relations.;;;;;;;;;;;;x
return_cores_YKA_title;Return cores to Yaka;;;;;;;;;;;;;;;;;;;;x,,
return_cores_YKA_desc;We hold provinces that Yaka has claims on. Returning these provinces, as an act of good faith, would surely bolster our relations.;;;;;;;;;;;;x
return_cores_YRK_title;Return cores to Yarkand;;;;;;;;;;;;;;;;;;;;x,,
return_cores_YRK_desc;We hold provinces that Yarkand has claims on. Returning these provinces, as an act of good faith, would surely bolster our relations.;;;;;;;;;;;;x
return_cores_ZIM_title;Return cores to Mutapa;;;;;;;;;;;;;;;;;;;;x,,
return_cores_ZIM_desc;We hold provinces that Mutapa has claims on. Returning these provinces, as an act of good faith, would surely bolster our relations.;;;;;;;;;;;;x
return_cores_ZUL_title;Return cores to Zulu;;;;;;;;;;;;;;;;;;;;x,,
return_cores_ZUL_desc;We hold provinces that Zulu has claims on. Returning these provinces, as an act of good faith, would surely bolster our relations.;;;;;;;;;;;;x
return_cores_ZUN_title;Return cores to Dzungar;;;;;;;;;;;;;;;;;;;;x,,
return_cores_ZUN_desc;We hold provinces that Dzungar has claims on. Returning these provinces, as an act of good faith, would surely bolster our relations.;;;;;;;;;;;;x
